date,time_et,agent,status,items,pr,notes
2026-09-08,12:35,rebuild,blocked,0,1,AA_API_KEY not set
2026-09-09,12:35,rebuild,blocked,0,2,AA_API_KEY not set
2026-09-10,12:21,rebuild,blocked,0,3,AA_API_KEY not set
2026-09-10,13:08,rebuild,partial,0,4,numbers carried forward (--no-fetch)
2026-09-10,13:23,rebuild,partial,6,5,gdpval carried forward; tau carried forward; omni carried forward; nohalluc carried forward; gdppdf
2026-09-10,13:54,rebuild,partial,7,6,gdpval carried forward; omni carried forward; nohalluc carried forward; gdppdf carried forward; web
2026-09-10,14:56,rebuild,partial,7,8,gdpval carried forward; omni carried forward; nohalluc carried forward; gdppdf carried forward; web
2026-09-10,14:57,rebuild,partial,7,9,gdpval carried forward; omni carried forward; nohalluc carried forward; gdppdf carried forward; web
2026-09-10,17:47,rebuild,partial,7,10,gdpval carried forward; omni carried forward; nohalluc carried forward; gdppdf carried forward; web
2026-09-10,17:51,rebuild,partial,7,11,gdpval carried forward; omni carried forward; nohalluc carried forward; gdppdf carried forward; web
2026-09-11,09:06,rebuild,partial,7,12,gdpval carried forward; omni carried forward; nohalluc carried forward; gdppdf carried forward; web
2026-09-11,09:07,rebuild,partial,7,13,gdpval carried forward; omni carried forward; nohalluc carried forward; gdppdf carried forward; web
2026-09-11,12:25,rebuild,partial,7,14,gdpval carried forward; omni carried forward; nohalluc carried forward; gdppdf carried forward; web
2026-09-12,09:15,rebuild,partial,7,16,gdpval carried forward; omni carried forward; nohalluc carried forward; gdppdf carried forward; web
2026-09-12,09:16,rebuild,partial,7,15,gdpval carried forward; omni carried forward; nohalluc carried forward; gdppdf carried forward; web
2026-09-12,11:29,rebuild,partial,7,17,gdpval carried forward; omni carried forward; nohalluc carried forward; gdppdf carried forward; web
2026-09-12,20:39,rebuild,partial,11,18,cost missing or carried forward; gdppdf carried forward
2026-09-12,21:13,rebuild,partial,11,19,cost missing or carried forward; gdppdf carried forward
2026-09-13,09:08,rebuild,partial,11,20,cost missing or carried forward; gdppdf carried forward
2026-09-13,09:09,rebuild,partial,11,21,cost missing or carried forward; gdppdf carried forward
2026-09-13,12:13,rebuild,partial,11,22,cost missing or carried forward; gdppdf carried forward
2026-09-14,09:09,rebuild,partial,11,23,cost missing or carried forward; gdppdf carried forward
2026-09-14,09:10,rebuild,partial,11,24,cost missing or carried forward; gdppdf carried forward
2026-09-14,14:04,rebuild,partial,11,25,cost missing or carried forward; gdppdf carried forward
2026-09-15,09:24,rebuild,partial,11,26,cost missing or carried forward; gdppdf carried forward
2026-09-15,09:25,rebuild,partial,11,27,cost missing or carried forward; gdppdf carried forward
2026-09-15,12:55,rebuild,partial,11,28,cost missing or carried forward; gdppdf carried forward
2026-09-16,09:18,rebuild,partial,11,30,cost missing or carried forward; gdppdf carried forward
2026-09-16,12:50,rebuild,partial,11,31,cost missing or carried forward; gdppdf carried forward
2026-09-17,09:11,rebuild,partial,11,32,cost missing or carried forward; gdppdf carried forward
2026-09-17,12:57,rebuild,partial,11,33,cost missing or carried forward; gdppdf carried forward
2026-09-18,09:13,rebuild,partial,11,34,cost missing or carried forward; gdppdf carried forward
2026-09-18,09:14,rebuild,partial,11,35,cost missing or carried forward; gdppdf carried forward
2026-09-18,12:21,rebuild,partial,11,36,cost missing or carried forward; gdppdf carried forward
2026-09-19,09:06,rebuild,partial,11,37,cost missing or carried forward; gdppdf carried forward
2026-09-19,09:07,rebuild,partial,11,38,cost missing or carried forward; gdppdf carried forward
2026-09-19,11:51,rebuild,partial,11,39,cost missing or carried forward; gdppdf carried forward
2026-09-20,09:01,rebuild,partial,10,40,AA public columns unavailable: gdpval; cost missing or carried forward; gdpval carried forward; gdp
2026-09-20,09:02,rebuild,partial,10,41,AA public columns unavailable: gdpval; cost missing or carried forward; gdpval carried forward; gdp
2026-09-20,12:01,rebuild,partial,10,42,AA public columns unavailable: gdpval; cost missing or carried forward; gdpval carried forward; gdp
2026-09-20,18:24,rebuild,partial,10,43,AA public columns unavailable: gdpval; cost missing or carried forward; gdpval carried forward; gdp
2026-09-20,18:29,rebuild,partial,10,44,AA public columns unavailable: gdpval; gdpval carried forward; gap: cost missing or carried forward
2026-09-21,09:24,rebuild,partial,10,45,AA public columns unavailable: gdpval; gdpval carried forward; gap: cost missing or carried forward
2026-09-21,09:25,rebuild,partial,10,46,AA public columns unavailable: gdpval; gdpval carried forward; gap: cost missing or carried forward
2026-09-21,14:12,rebuild,partial,10,47,AA public columns unavailable: gdpval; gdpval carried forward; gap: cost missing or carried forward
2026-09-22,09:20,rebuild,partial,10,48,AA public columns unavailable: gdpval; gdpval carried forward; gap: cost missing or carried forward
2026-09-22,09:23,rebuild,partial,10,50,AA public columns unavailable: gdpval; gdpval carried forward; gap: cost missing or carried forward
2026-09-22,12:54,rebuild,partial,10,51,AA public columns unavailable: gdpval; gdpval carried forward; gap: cost missing or carried forward
2026-09-22,15:17,rebuild,partial,0,52,numbers carried forward (--no-fetch)
2026-09-22,15:33,rebuild,partial,0,53,numbers carried forward (--no-fetch)
2026-09-22,16:04,rebuild,partial,0,54,numbers carried forward (--no-fetch)
2026-09-22,16:17,rebuild,partial,0,55,numbers carried forward (--no-fetch)
2026-09-22,16:25,rebuild,partial,0,56,numbers carried forward (--no-fetch)
2026-09-22,16:28,rebuild,partial,0,57,numbers carried forward (--no-fetch)
2026-09-22,16:32,rebuild,partial,0,58,numbers carried forward (--no-fetch)
2026-09-22,16:46,rebuild,partial,0,59,numbers carried forward (--no-fetch)
2026-09-22,16:57,rebuild,partial,0,60,numbers carried forward (--no-fetch)
2026-09-22,17:03,rebuild,partial,0,61,numbers carried forward (--no-fetch)
2026-09-22,17:27,rebuild,partial,0,62,numbers carried forward (--no-fetch)
2026-09-22,22:53,rebuild,partial,0,63,numbers carried forward (--no-fetch)
2026-09-23,09:28,rebuild,partial,10,64,AA public columns unavailable: gdpval; gdpval carried forward; gap: cost missing or carried forward
2026-09-23,11:48,rebuild,partial,0,66,numbers carried forward (--no-fetch)
2026-09-23,12:15,rebuild,partial,0,67,numbers carried forward (--no-fetch)
2026-09-23,12:53,rebuild,partial,10,68,AA public columns unavailable: gdpval; gdpval carried forward; gap: cost missing or carried forward
2026-09-23,13:00,rebuild,partial,0,69,numbers carried forward (--no-fetch)
2026-09-23,13:15,rebuild,partial,0,70,numbers carried forward (--no-fetch)
2026-09-23,13:22,rebuild,partial,0,71,numbers carried forward (--no-fetch)
2026-09-23,13:34,rebuild,partial,0,72,numbers carried forward (--no-fetch)
2026-09-23,13:40,rebuild,partial,0,73,numbers carried forward (--no-fetch)
2026-09-23,13:48,rebuild,partial,0,74,numbers carried forward (--no-fetch)
